lastUpdated,title,url
" This page was last edited on 9 December 2022, at 04:16",Kevin Bacon,https://en.wikipedia.org/wiki/Kevin_Bacon
" This page was last edited on 14 November 2022, at 23:25", (TV series),https://en.wikipedia.org/wiki/I_Love_Dick_(TV_series)
" This page was last edited on 24 November 2022, at 19:45",Primetime Emmy Awards,https://en.wikipedia.org/wiki/Primetime_Emmy_Award
" This page was last edited on 9 November 2022, at 21:52",Six Degrees of Kevin Bacon,https://en.wikipedia.org/wiki/Six_Degrees_of_Kevin_Bacon
" This page was last edited on 11 December 2022, at 21:04",EE Limited,https://en.wikipedia.org/wiki/EE_Limited
" This page was last edited on 13 December 2022, at 15:12",Golden Globe Award for Best Actor – Television Series Musical or Comedy,https://en.wikipedia.org/wiki/Golden_Globe_Award_for_Best_Actor_%E2%80%93_Television_Series_Musical_or_Comedy
" This page was last edited on 2 March 2021, at 15:35",SixDegrees.org,https://en.wikipedia.org/wiki/SixDegrees.org
" This page was last edited on 4 December 2022, at 17:18",Hollywood Walk of Fame,https://en.wikipedia.org/wiki/Hollywood_Walk_of_Fame
" This page was last edited on 4 December 2022, at 15:58",Screen Actors Guild Awards,https://en.wikipedia.org/wiki/Screen_Actors_Guild_Award
" This page was last edited on 13 December 2022, at 14:57",Golden Globe Awards,https://en.wikipedia.org/wiki/Golden_Globe_Award
" This page was last edited on 30 November 2022, at 18:50",,https://en.wikipedia.org/wiki/Taking_Chance
" This page was last edited on 23 November 2022, at 16:39",,https://en.wikipedia.org/wiki/The_Guardian
" This page was last edited on 8 December 2022, at 20:25",Academy Awards,https://en.wikipedia.org/wiki/Academy_Award
" This page was last edited on 28 November 2022, at 23:08",,https://en.wikipedia.org/wiki/The_Following
" This page was last edited on 7 December 2022, at 15:56",Trove,https://en.wikipedia.org/wiki/Trove_(identifier)
" This page was last edited on 25 June 2021, at 19:17",Système universitaire de documentation,https://en.wikipedia.org/wiki/SUDOC_(identifier)
" This page was last edited on 11 July 2022, at 15:57",MTV Movie & TV Awards,https://en.wikipedia.org/wiki/MTV_Movie_%26_TV_Awards
" This page was last edited on 5 October 2022, at 19:27",Main Page,https://en.wikipedia.org/wiki/Main_Page
" This page was last edited on 9 December 2022, at 11:04",HBO,https://en.wikipedia.org/wiki/HBO
" This page was last edited on 27 January 2022, at 02:50",Library Network of Western Switzerland,https://en.wikipedia.org/wiki/RERO_(identifier)
" This page was last edited on 29 November 2022, at 02:15",Fox Broadcasting Company,https://en.wikipedia.org/wiki/Fox_Broadcasting_Company
" This page was last edited on 10 December 2022, at 00:36",Michael Douglas,https://en.wikipedia.org/wiki/Michael_Douglas
" This page was last edited on 6 December 2022, at 17:18",MusicBrainz,https://en.wikipedia.org/wiki/MBA_(identifier)
